#,Paper_ID,R1_Rec,R1_Length,R1_Conf,R2_Rec,R2_Length,R2_Conf,R3_Rec,R3_Length,R3_Conf,MR_Length,Decision
1,S1uxsye0Z,6,379,3,6,409,3,7,313,5,121,Accept (Poster)
2,ryEJWe2HM,4,1166,5,4,951,4,5,514,4,,
3,HJNMYceCW,7,882,5,7,253,2,6,434,4,90,Accept (Poster)
4,r1l4eQW0Z,5,445,4,7,578,3,7,289,4,94,Accept (Poster)
5,ryZERzWCZ,4,370,4,5,547,4,6,387,4,73,Reject
6,rkmu5b0a-,5,733,4,7,320,5,6,102,3,196,Accept (Poster)
7,r1wEFyWCW,6,684,5,7,250,4,6,168,4,67,Accept (Poster)
8,BJj6qGbRW,7,373,4,7,757,4,7,178,4,42,Accept (Poster)
9,B1X0mzZCW,7,314,4,5,361,4,6,308,3,81,Accept (Poster)
10,HJvvRoe0W,7,1109,5,7,363,3,7,139,5,108,Accept (Poster)
11,r1nzLmWAb,3,371,5,4,195,4,3,540,5,11,Reject
12,BydjJte0-,7,272,3,7,390,4,5,378,4,29,Accept (Poster)
13,SyoDInJ0-,6,556,5,6,362,3,7,662,4,68,Accept (Poster)
14,BJInEZsTb,6,200,5,8,125,5,5,528,4,106,Invite to Workshop Track
15,SyhRVm-Rb,8,219,4,4,665,4,6,431,4,165,Reject
16,H1zRea1Mf,2,237,5,5,502,4,5,276,4,,
17,B11bwYgfM,5,242,4,4,405,4,5,763,4,,
18,BJyy3a0Ez,5,621,4,4,139,3,3,474,4,,
19,BkbOsNeSM,4,128,3,4,303,4,3,93,3,,
20,rJ1os4eHf,5,355,3,3,444,4,4,273,2,,
21,ryQz_ZfHz,5,1149,4,3,404,4,3,301,4,,
22,rknJHfXBz,4,216,5,3,287,4,4,377,5,,
23,Byni8NLHf,3,460,4,4,225,4,3,107,5,,
24,ByQpn1ZA-,8,292,5,4,226,4,7,328,3,122,Accept (Poster)
25,rJg4YGWRb,6,362,3,6,139,2,7,358,4,193,Reject
26,Bya8fGWAZ,5,205,4,7,555,3,5,481,2,179,Invite to Workshop Track
27,rye7IMbAZ,6,559,5,7,256,4,6,233,4,126,Reject
28,B12Js_yRb,6,464,3,6,251,3,4,390,4,115,Accept (Poster)
29,BkfEzz-0-,6,849,4,7,244,3,3,509,5,193,Invite to Workshop Track
30,rJLTTe-0W,5,191,5,6,341,3,4,563,5,74,Reject
31,r1NYjfbR-,7,49,4,8,353,4,6,623,4,104,Accept (Poster)
32,BkJ3ibb0-,6,224,3,6,283,3,8,395,4,64,Accept (Poster)
33,rJUBryZ0W,6,360,4,6,378,4,6,254,4,142,Reject
34,HymuJz-A-,6,167,3,6,720,3,6,351,4,57,Invite to Workshop Track
35,SJcKhk-Ab,8,267,4,8,441,4,8,163,4,63,Accept (Poster)
36,BydLzGb0Z,6,828,4,7,439,4,8,372,4,32,Accept (Poster)
37,rkZzY-lCb,7,211,3,2,316,2,7,163,5,121,Reject
38,BJuWrGW0Z,6,214,2,7,264,3,7,268,4,97,Accept (Poster)
39,HkwVAXyCW,6,782,4,6,200,4,6,134,4,30,Accept (Poster)
40,rJYFzMZC-,6,1232,4,9,237,4,8,198,4,75,Accept (Poster)
41,rkrC3GbRW,6,397,4,7,669,3,7,244,3,115,Accept (Poster)
42,HyZoi-WRb,7,431,4,6,229,3,7,54,3,69,Accept (Poster)
43,rytstxWAW,6,741,4,7,118,2,7,450,4,97,Accept (Poster)
44,SJx9GQb0-,4,309,4,6,585,5,7,438,4,56,Accept (Poster)
45,S191YzbRZ,5,473,4,5,259,5,5,818,3,66,Reject
46,rJQDjk-0b,6,170,4,7,594,4,8,176,5,47,Accept (Poster)
47,B1EVwkqTW,5,442,4,3,516,4,4,295,5,69,Reject
48,HJWGdbbCW,4,393,4,4,464,4,6,1122,5,41,Reject
49,BypdvewVM,8,367,5,5,309,3,6,100,4,,
50,rylfg-DNM,4,523,4,2,153,5,3,161,5,,
51,H1TWfmnNf,4,1164,5,3,442,5,3,553,3,,
52,HkSZyinVG,1,101,5,4,256,5,3,248,5,,
53,Bk9nkMa4G,5,486,4,5,285,4,5,337,4,,
54,H1YynweCb,6,432,5,5,997,4,7,212,3,103,Invite to Workshop Track
55,S1EfylZ0Z,4,395,5,6,279,4,4,163,4,58,Reject
56,rkTBjG-AZ,4,103,5,5,78,3,4,165,5,320,Reject
57,Hksj2WWAW,6,1135,4,8,698,3,5,292,4,400,Accept (Poster)
58,Hk91SGWR-,4,241,3,5,853,4,7,421,4,231,Invite to Workshop Track
59,HyydRMZC-,7,363,4,9,320,5,7,154,4,30,Accept (Poster)
60,SyYYPdg0-,4,425,4,5,305,4,4,316,4,30,Reject
61,ryUlhzWCZ,7,424,3,6,1202,4,3,527,5,29,Accept (Poster)
62,BkS3fnl0W,4,458,3,4,399,4,3,199,5,74,Reject
63,ryiAv2xAZ,6,343,4,7,368,3,6,419,3,75,Accept (Poster)
64,SJCq_fZ0Z,5,524,3,5,466,4,8,44,4,253,Reject
65,BkM3ibZRW,5,758,4,6,174,3,3,375,4,132,Invite to Workshop Track
66,H1u8fMW0b,5,322,2,3,216,4,3,243,5,56,Reject
67,SJlhPMWAW,5,717,3,7,60,2,7,270,4,220,Reject
68,rJm7VfZA-,7,79,2,6,594,3,6,143,1,43,Accept (Poster)
69,ByCPHrgCW,4,228,4,4,350,5,4,447,5,48,Reject
70,HyXNCZbCZ,5,501,5,5,497,5,7,334,3,148,Reject
71,HJjePwx0-,6,886,5,5,628,2,6,402,3,223,Reject
72,rkYTTf-AZ,8,411,5,7,599,5,7,395,4,112,Accept (Poster)
73,SJZ2Mf-0-,5,458,4,7,443,5,4,118,3,78,Invite to Workshop Track
74,rJl63fZRb,6,674,3,6,111,1,6,355,2,26,Accept (Poster)
75,Skp1ESxRZ,8,604,3,7,630,4,5,357,2,104,Accept (Poster)
76,SJIA6ZWC-,6,760,4,6,467,3,6,153,1,48,Reject
77,By5ugjyCb,5,376,4,5,53,5,5,96,4,69,Reject
78,SyOK1Sg0W,6,360,4,6,560,4,6,304,3,81,Accept (Poster)
79,rJiaRbk0-,6,267,3,4,116,4,6,276,4,64,Reject
80,S19dR9x0b,8,309,4,7,377,4,7,323,2,43,Accept (Poster)
81,rkgOLb-0W,7,543,3,8,253,4,7,198,4,35,Accept (Poster)
82,S1fcY-Z0-,6,248,4,6,438,4,6,316,4,199,Reject
83,Bki4EfWCb,6,298,5,6,698,5,6,567,4,153,Invite to Workshop Track
84,SktLlGbRZ,5,463,5,5,605,5,9,98,5,111,Reject
85,S1Dh8Tg0-,6,690,4,6,424,5,6,143,3,12,Accept (Poster)
86,ryBnUWb0b,6,494,4,7,443,5,6,57,3,31,Accept (Poster)
87,SkZxCk-0Z,7,257,3,7,676,3,4,293,4,82,Accept (Poster)
88,S1Euwz-Rb,7,602,4,7,621,3,6,353,4,248,Accept (Poster)
89,SyXNErg0W,4,486,4,6,167,3,4,33,5,100,Reject
90,S1TgE7WR-,5,553,3,5,121,2,6,281,3,154,Invite to Workshop Track
91,H1eJxngCW,7,619,3,7,159,4,6,253,4,73,Invite to Workshop Track
92,B1hYRMbCW,7,702,4,2,696,2,6,168,5,85,Accept (Poster)
93,H1AdTAxC-,3,264,3,4,1428,4,5,184,4,70,Reject
94,ry018WZAZ,6,101,3,6,282,4,7,209,4,34,Accept (Poster)
95,SyunbfbAb,6,476,4,6,444,3,6,534,4,99,Invite to Workshop Track
96,BJE-4xW0W,6,379,3,7,1241,3,9,62,3,151,Accept (Poster)
97,HyPpD0g0Z,7,437,3,4,352,5,5,273,4,65,Reject
98,S1GDXzb0b,7,754,3,4,146,4,3,594,5,38,Reject
99,HkGJUXb0-,5,607,4,5,104,4,6,183,3,113,Invite to Workshop Track
100,HJnQJXbC-,6,304,5,6,185,4,4,541,5,112,Reject
101,ry6-G_66b,6,881,4,8,262,5,7,517,4,66,Accept (Poster)
102,HJJ23bW0b,4,447,5,8,342,4,7,260,2,64,Accept (Poster)
103,H1VjBebR-,7,613,4,7,331,2,6,543,4,91,Accept (Poster)
104,HkMvEOlAb,6,314,5,7,201,4,7,123,3,58,Accept (Poster)
105,S1WRibb0Z,6,315,4,6,326,5,6,169,3,133,Accept (Poster)
106,B16yEqkCZ,5,726,4,5,134,5,7,310,3,59,Reject
107,Hk0wHx-RW,5,573,4,6,385,3,6,221,3,79,Accept (Poster)
108,ryepFJbA-,5,270,2,4,381,5,3,507,3,74,Reject
109,Syg-YfWCW,7,369,4,6,253,4,5,507,4,25,Accept (Poster)
110,rkMt1bWAZ,5,488,2,7,203,5,5,396,5,120,Reject
111,HJ4IhxZAb,6,347,3,7,128,4,6,338,4,154,Reject
112,ByRWCqvT-,7,796,4,5,239,4,9,158,5,106,Accept (Poster)
113,SkJd_y-Cb,5,381,5,4,155,4,4,338,4,85,Reject
114,H1BO9M-0Z,4,610,4,5,358,4,3,390,4,41,Reject
115,HJewuJWCZ,8,734,4,9,533,3,5,298,4,93,Accept (Poster)
116,S1XolQbRW,7,391,2,6,150,4,8,335,5,62,Accept (Poster)
117,HyN-ZvlC-,5,592,4,7,104,5,5,445,5,41,Reject
118,BkUDW_lCb,4,187,4,3,442,4,7,222,4,105,Reject
119,rkaqxm-0b,4,265,4,5,657,4,7,933,4,89,Reject
120,SkRsFSRpb,5,837,2,4,803,4,5,115,4,26,Invite to Workshop Track
121,B1al7jg0b,7,207,5,7,543,3,7,356,3,76,Accept (Poster)
122,rJGZq6g0-,7,140,3,7,583,4,7,119,4,64,Accept (Poster)
123,S1vuO-bCW,7,248,4,6,449,5,5,514,4,164,Accept (Poster)
124,rJL6pz-CZ,5,218,4,4,497,4,4,625,4,57,Reject
125,Sk6fD5yCb,6,284,3,7,208,4,7,85,1,56,Accept (Poster)
126,ry8dvM-R-,7,245,3,6,1022,3,8,175,4,32,Accept (Poster)
127,r1SnX5xCb,8,1584,4,6,294,3,7,313,4,14,Accept (Poster)
128,S1J2ZyZ0Z,6,579,3,7,851,4,7,527,4,9,Accept (Poster)
129,SyxCqGbRZ,6,1147,3,3,120,4,4,342,4,157,Reject
130,ryacTMZRZ,6,1194,4,4,208,4,8,103,3,150,Reject
131,H1q-TM-AW,8,311,4,7,362,4,7,163,2,25,Accept (Poster)
132,rkpoTaxA-,7,381,4,7,240,3,7,311,5,112,Accept (Poster)
133,ryALZdAT-,6,331,3,6,45,2,6,335,4,128,Invite to Workshop Track
134,HkwZSG-CZ,7,248,5,7,481,4,8,222,4,83,Accept (Oral)
135,rypT3fb0b,6,253,3,8,600,5,7,441,4,83,Accept (Poster)
136,ByJIWUnpW,6,463,3,6,578,4,8,210,4,234,Accept (Poster)
137,BkIkkseAZ,4,519,5,7,559,5,7,168,4,70,Reject
138,BJk7Gf-CZ,5,169,5,7,257,4,8,144,5,43,Accept (Poster)
139,B1DmUzWAW,7,336,4,6,355,3,6,541,3,91,Accept (Poster)
140,rJfHoM-C-,4,570,4,4,238,4,6,258,4,49,Reject
141,rk07ZXZRb,7,242,4,7,200,4,7,295,5,68,Accept (Poster)
142,B13njo1R-,7,330,4,7,267,4,5,569,3,90,Accept (Poster)
143,SJJQVZW0b,6,509,4,6,555,3,6,251,3,53,Accept (Poster)
144,BkXmYfbAZ,7,613,4,6,234,3,7,353,4,53,Accept (Poster)
145,ByJWeR1AW,5,226,4,5,1150,4,5,241,4,57,Reject
146,r1Kr3TyAb,4,264,4,1,885,5,4,443,5,149,Reject
147,B1bgpzZAZ,5,137,3,5,383,3,4,229,4,163,Reject
148,rJJzTyWCZ,4,167,4,7,498,4,4,254,4,77,Reject
149,rkfbLilAb,5,430,4,2,323,5,3,256,5,60,Reject
150,By9iRkWA-,8,135,3,5,412,5,5,506,4,77,Reject
151,SJSVuReCZ,4,454,3,5,563,4,7,72,3,73,Reject
152,SywXXwJAb,6,815,4,7,338,3,8,271,5,156,Accept (Poster)
153,BJ_UL-k0b,6,812,3,7,97,3,7,705,3,119,Accept (Poster)
154,r1lfpfZAb,6,387,5,5,260,4,4,376,5,154,Invite to Workshop Track
155,ByOExmWAb,7,413,4,7,323,3,7,300,5,39,Accept (Poster)
156,SJzmJEq6W,5,167,2,4,566,2,5,335,1,74,Reject
157,HyjC5yWCW,6,801,3,6,126,1,7,121,1,155,Accept (Poster)
158,B1tC-LT6W,4,378,3,5,758,5,5,83,3,85,Reject
159,Sy4c-3xRW,6,135,3,6,466,4,4,211,3,101,Invite to Workshop Track
160,Skj8Kag0Z,4,725,4,9,142,4,7,154,4,144,Accept (Poster)
161,HktK4BeCZ,8,1640,4,8,532,3,1,153,5,57,Accept (Oral)
162,H1Yp-j1Cb,7,333,4,8,205,5,5,439,4,88,Accept (Poster)
163,H1sUHgb0Z,7,295,4,6,367,3,7,338,4,37,Accept (Poster)
164,H1I3M7Z0b,6,930,4,6,170,3,5,173,5,86,Invite to Workshop Track
165,BJ8c3f-0b,7,668,3,3,382,2,7,519,4,167,Accept (Poster)
166,SyYe6k-CW,5,180,5,7,682,4,6,351,4,52,Accept (Poster)
167,HJLPel-CW,7,356,3,5,346,5,5,300,3,165,Reject
168,S1Y7OOlRZ,5,1781,5,6,100,3,5,775,5,71,Reject
169,rywDjg-RW,6,117,3,6,334,4,8,308,3,138,Accept (Poster)
170,SkYMnLxRW,9,292,4,4,502,4,6,377,5,67,Reject
171,S1CChZ-CZ,7,263,5,6,365,4,8,156,3,39,Accept (Oral)
172,rkdU7tCaZ,7,340,4,7,169,4,3,261,3,383,Reject
173,Bk7wvW-C-,7,1647,4,6,691,4,3,227,5,26,Reject
174,SJky6Ry0W,6,192,4,5,574,4,5,285,4,65,Reject
175,S1DWPP1A-,7,228,4,6,873,2,7,813,4,97,Accept (Poster)
176,BkpiPMbA-,6,851,3,6,108,2,6,373,3,103,Accept (Poster)
177,Byd-EfWCb,6,1802,4,5,379,5,4,240,4,78,Invite to Workshop Track
178,BkeqO7x0-,7,1693,4,7,234,1,8,118,4,32,Accept (Poster)
179,ryTp3f-0-,7,403,4,6,247,3,7,112,3,66,Accept (Poster)
180,ByOfBggRZ,7,390,4,7,493,4,7,433,5,48,Accept (Poster)
181,HkXWCMbRW,6,512,4,9,529,5,6,434,3,89,Accept (Poster)
182,ByeqORgAW,6,690,4,5,205,4,7,1031,4,111,Accept (Poster)
183,By-7dz-AZ,7,550,5,6,656,5,6,266,4,37,Accept (Poster)
184,HJ94fqApW,5,501,5,7,179,3,6,239,5,47,Accept (Poster)
185,H1kG7GZAW,6,484,5,7,550,4,7,669,4,92,Accept (Poster)
186,rkONG0xAW,6,392,3,7,287,4,5,235,3,55,Reject
187,SJ1Xmf-Rb,7,313,2,7,273,4,6,270,2,17,Accept (Poster)
188,HyDMX0l0Z,6,946,5,4,172,3,4,649,3,148,Invite to Workshop Track
189,B1NOXfWR-,6,408,4,6,240,3,4,740,4,24,Reject
190,HyKZyYlRZ,6,592,3,3,329,5,6,90,4,137,Reject
191,H1BLjgZCb,6,262,3,7,628,4,6,383,3,59,Accept (Poster)
192,SkF2D7g0b,5,367,4,6,392,3,7,393,4,49,Reject
193,B1spAqUp-,5,266,5,5,462,4,6,178,4,111,Reject
194,HkpYwMZRb,3,841,2,5,617,4,8,422,1,97,Invite to Workshop Track
195,Hkn7CBaTW,8,671,3,8,308,4,6,291,4,47,Accept (Poster)
196,HkGcX--0-,5,552,4,7,34,4,5,155,4,156,Reject
197,B14TlG-RW,8,280,5,5,416,4,6,157,3,136,Accept (Poster)
198,H1aIuk-RW,7,599,4,7,270,4,7,92,3,45,Accept (Poster)
199,rydeCEhs-,7,463,3,7,123,4,6,209,2,120,Accept (Poster)
200,r16Vyf-0-,6,600,4,3,244,3,5,391,4,30,Reject
201,Sy8XvGb0-,7,575,4,7,428,3,7,417,3,49,Accept (Poster)
202,Sy5OAyZC-,7,336,4,5,682,4,6,217,5,313,Reject
203,rk6cfpRjZ,7,153,4,6,48,4,7,538,4,61,Accept (Poster)
204,H1uP7ebAW,6,284,3,6,279,4,6,189,3,207,Reject
205,B1NGT8xCZ,6,220,3,5,194,4,5,229,4,78,Reject
206,HJtEm4p6Z,7,744,4,6,706,5,6,283,3,62,Accept (Poster)
207,r1HhRfWRZ,7,234,4,4,553,4,4,361,5,26,Accept (Poster)
208,rkPLzgZAZ,6,402,2,8,493,3,8,704,2,39,Accept (Poster)
209,rJ695PxRW,4,1256,4,4,824,4,4,375,4,72,Reject
210,HyrCWeWCb,6,143,4,5,209,4,5,190,1,56,Accept (Poster)
211,HJsjkMb0Z,8,188,4,9,586,4,8,385,4,116,Accept (Poster)
212,rk6qdGgCZ,7,598,4,4,251,4,8,140,3,226,Reject
213,BkVsWbbAW,5,349,4,6,303,4,7,351,2,87,Reject
214,BkUHlMZ0b,7,308,3,7,860,3,7,94,1,68,Accept (Poster)
215,ryH20GbRW,8,413,5,7,965,4,7,153,3,29,Accept (Poster)
216,BkSDMA36Z,6,501,4,6,661,5,6,637,3,42,Accept (Poster)
217,rJTGkKxAZ,4,812,4,6,355,3,3,326,4,46,Reject
218,HktRlUlAZ,7,652,4,7,286,4,8,325,3,72,Accept (Poster)
219,rkmoiMbCb,5,458,4,7,390,4,4,312,4,108,Reject
220,rk9kKMZ0-,6,185,3,3,165,4,4,103,4,65,Reject
221,HyI6s40a-,5,190,3,7,1001,3,3,435,5,144,Reject
222,Hyp3i2xRb,4,326,5,2,163,4,7,570,4,32,Reject
223,ryZ283gAZ,7,330,4,6,151,1,5,310,3,66,Invite to Workshop Track
224,H1T2hmZAb,7,544,4,8,201,4,4,179,4,126,Accept (Poster)
225,H1VGkIxRZ,6,431,4,6,267,3,9,186,3,46,Accept (Poster)
226,ByuP8yZRb,6,411,3,5,238,4,6,82,4,42,Reject
227,SkHl6MWC-,5,661,4,5,192,4,6,301,4,116,Invite to Workshop Track
228,BJ8vJebC-,7,753,4,7,258,4,8,397,4,166,Accept (Oral)
229,rkRwGg-0Z,7,272,3,7,496,4,7,293,2,10,Accept (Oral)
230,SkOb1Fl0Z,6,379,4,4,256,4,5,378,4,77,Invite to Workshop Track
231,SkmM6M_pW,5,312,4,3,262,4,4,1050,4,17,Reject
232,ryup8-WCW,7,913,3,7,404,4,6,137,2,62,Accept (Poster)
233,S1D8MPxA-,6,377,4,6,215,4,7,239,3,67,Accept (Poster)
234,rJzIBfZAb,7,409,4,6,489,3,7,454,4,68,Accept (Poster)
235,BySRH6CpW,6,542,4,7,238,3,6,190,3,54,Accept (Poster)
236,r1vccClCb,5,265,5,6,207,4,4,461,4,149,Reject
237,ryykVe-0W,5,341,5,3,579,5,6,337,3,147,Reject
238,r1vuQG-CW,7,412,4,7,216,4,7,378,4,163,Accept (Poster)
239,BJJ9bz-0-,5,220,3,6,273,5,5,774,4,112,Invite to Workshop Track
240,SJUX_MWCZ,5,300,3,4,309,5,6,471,3,92,Invite to Workshop Track
241,S1szZkb0b,5,156,2,5,234,4,5,424,4,22,Reject
242,S1Auv-WRZ,4,256,4,9,184,5,6,101,3,55,Invite to Workshop Track
243,SyX0IeWAW,6,160,3,4,392,4,7,362,3,50,Accept (Poster)
244,rkTS8lZAb,7,557,4,7,360,3,4,123,3,52,Accept (Poster)
245,BJ_QxP1AZ,5,731,4,7,195,4,4,201,5,143,Reject
246,H113pWZRb,6,234,3,4,346,4,5,470,4,83,Reject
247,Hkfmn5n6W,5,420,3,7,297,2,6,456,3,64,Invite to Workshop Track
248,ryRh0bb0Z,7,850,3,5,249,4,7,299,5,132,Accept (Poster)
249,SJJySbbAZ,7,1020,4,8,332,4,6,472,4,11,Accept (Poster)
250,ry831QWAb,4,817,5,9,288,5,2,530,5,279,Reject
251,BybQ7zWCb,6,729,4,4,861,4,7,637,3,55,Reject
252,SJwZUHRTZ,5,797,4,5,713,5,7,72,3,135,Reject
253,r1QZ3zbAZ,4,374,5,6,121,3,4,626,4,82,Reject
254,r1dHXnH6-,5,592,5,6,333,4,6,286,4,117,Accept (Poster)
255,HJPSN3gRW,4,331,4,4,1062,5,5,1167,3,139,Reject
256,H1srNebAZ,7,734,4,4,210,4,5,198,4,90,Reject
257,SygwwGbRW,7,614,5,3,184,4,7,530,4,62,Accept (Poster)
258,H1dh6Ax0Z,4,816,5,8,307,5,5,322,3,47,Accept (Poster)
259,rJvJXZb0W,6,595,5,8,729,4,6,329,4,52,Accept (Poster)
260,rk49Mg-CW,7,839,5,7,228,4,7,390,4,11,Accept (Poster)
261,rkLyJl-0-,6,190,4,6,356,3,6,264,3,53,Accept (Poster)
262,rylSzl-R-,7,502,4,6,596,4,7,191,3,67,Accept (Poster)
263,HyxjwgbRZ,4,453,4,4,223,4,5,310,5,193,Reject
264,r1YqWz-R-,5,671,4,4,310,3,5,388,2,32,Reject
265,rJXMpikCZ,6,388,4,7,517,5,5,518,4,37,Accept (Poster)
266,HJGv1Z-AW,7,1025,4,9,769,5,5,432,4,69,Accept (Oral)
267,HkinqfbAb,6,268,5,6,207,4,6,491,4,105,Reject
268,HJIhGXWCZ,4,211,4,5,299,3,5,530,2,86,Reject
269,B18WgG-CZ,8,2239,5,8,635,5,4,324,5,111,Accept (Poster)
270,ryZ8sz-Ab,5,565,4,5,457,3,7,117,4,90,Invite to Workshop Track
271,rJ33wwxRb,7,435,3,7,475,3,8,345,4,87,Accept (Poster)
272,B1jscMbAW,6,697,3,7,111,3,7,296,3,49,Accept (Poster)
273,HyMTkQZAb,7,426,4,5,906,4,7,136,3,125,Accept (Poster)
274,S1LXVnxRb,4,325,4,5,134,4,3,117,5,15,Invite to Workshop Track
275,Byk4My-RZ,6,386,4,6,131,3,5,585,4,105,Reject
276,rJNpifWAb,6,274,4,8,287,3,6,716,4,69,Accept (Poster)
277,r1-4BLaQz,6,257,5,3,636,4,3,475,4,,
278,Sk1NTfZAb,4,236,4,5,250,2,3,667,4,30,Reject
279,B1ZZTfZAW,4,653,4,6,351,4,5,353,4,106,Reject
280,B1nxTzbRZ,5,407,4,4,582,1,5,306,3,88,Reject
281,rk3mjYRp-,4,334,3,5,335,3,4,180,4,50,Reject
282,HJrJpzZRZ,7,669,5,3,275,4,3,607,5,43,Reject
283,BJ6anzb0Z,6,222,5,4,812,5,5,313,5,55,Reject
284,rkaT3zWCZ,4,409,5,5,532,4,8,378,4,63,Invite to Workshop Track
285,r1Zi2Mb0-,3,172,4,4,347,4,3,156,4,135,Reject
286,r111KtCp-,4,174,5,4,293,4,4,225,3,55,Reject
287,ByqFhGZCW,5,305,3,6,267,3,5,404,4,81,Reject
288,rkc_hGb0Z,5,378,4,3,332,3,5,768,2,19,Reject
289,r1uOhfb0W,4,208,4,6,266,3,6,156,5,52,Reject
290,ryOG3fWCW,6,145,3,4,438,4,3,451,4,57,Reject
291,SyqShMZRb,3,88,2,5,303,1,7,371,3,76,Accept (Poster)
292,HyzbhfWRW,5,619,4,6,241,4,6,227,4,45,Accept (Poster)
293,S1sRrN-CW,3,213,4,5,268,4,3,530,4,177,Reject
294,HyFaiGbCW,4,213,3,4,243,5,4,831,4,117,Reject
295,SyfiiMZA-,9,585,5,4,153,4,5,504,3,96,Invite to Workshop Track
296,Sk7KsfW0-,7,290,3,6,240,3,8,174,2,96,Accept (Poster)
297,SySisz-CW,2,359,4,7,91,3,7,195,2,77,Reject
298,B16_iGWCW,2,382,5,6,108,3,5,197,4,63,Reject
299,Sy-tszZRZ,6,193,5,4,369,5,6,203,3,76,Reject
300,SyyGPP0TZ,7,211,4,7,188,4,7,493,5,48,Accept (Poster)
301,SyVOjfbRb,8,154,4,4,298,5,4,381,5,69,Invite to Workshop Track
302,SkaPsfZ0W,5,93,2,5,563,4,6,410,5,115,Reject
303,By-IifZRW,5,429,4,4,674,5,7,171,2,176,Reject
304,S1gWUifW0b,6,95,4,4,212,3,5,168,5,116,Reject
305,rJBwoM-Cb,3,696,4,7,223,4,2,258,5,105,Reject
306,SkHDoG-Cb,6,219,3,6,918,4,3,388,4,125,Accept (Poster)
307,ryzm6BATZ,5,136,3,5,303,3,6,272,3,67,Reject
308,SyProzZAW,7,268,4,6,289,4,6,244,4,111,Accept (Poster)
309,r1O0xvz-z,4,689,5,5,225,4,5,194,3,,
310,By4HsfWAZ,7,277,3,7,234,3,6,239,2,48,Accept (Poster)
311,SJQHjzZ0-,7,381,5,4,455,3,7,234,4,69,Accept (Poster)
312,H1l8sz-AW,6,403,3,5,390,4,4,280,3,91,Reject
313,S1xDcSR6W,4,1001,3,7,295,2,5,194,3,18,Reject
314,S1cZsf-RW,6,256,4,6,178,2,5,295,4,123,Accept (Poster)
315,H13WofbAb,4,464,5,3,211,4,4,173,5,74,Reject
316,H1LAqMbRW,5,427,4,4,485,5,4,492,3,108,Reject
317,HJYoqzbC-,5,355,5,6,551,3,3,214,4,106,Reject
318,SJTB5GZCb,4,1067,4,3,201,4,6,103,2,45,Invite to Workshop Track
319,BJDH5M-AW,5,276,4,6,558,4,8,284,3,119,Reject
320,r1CE9GWR-,4,999,4,4,582,5,5,339,4,18,Reject
321,ryj0790hb,6,484,4,4,190,4,5,380,4,81,Reject
322,BJhxcGZCW,4,215,3,4,278,4,2,280,5,37,Reject
323,HyY0Ff-AZ,5,178,5,2,215,5,5,123,4,15,Reject
324,BJQRKzbA-,6,637,3,6,347,4,8,651,4,82,Accept (Poster)
325,HkepKG-Rb,7,911,3,5,403,3,4,298,4,260,Reject
326,rJTutzbA-,7,337,4,7,72,3,8,132,5,66,Accept (Oral)
327,Hy-lXyDWG,4,211,4,2,213,5,4,489,5,,
328,HkTEFfZRb,7,746,3,7,280,4,6,172,5,71,Accept (Poster)
329,rkcQFMZRb,7,441,4,7,1373,5,7,216,5,81,Accept (Poster)
330,S17mtzbRb,5,410,5,5,583,4,4,449,4,71,Reject
331,rkpqdGDeM,6,147,4,,,,,,,,
332,S1pWFzbAW,6,375,4,6,421,4,4,759,4,86,Invite to Workshop Track
333,SkA-IE06W,6,598,3,9,280,4,8,263,3,21,Accept (Poster)
334,H15RufWAW,6,482,4,7,255,4,4,622,5,84,Reject
335,BkisuzWRW,8,416,4,8,642,3,7,475,5,79,Accept (Oral)
336,H135uzZ0-,7,165,4,7,122,3,6,63,3,121,Accept (Poster)
337,Hk3ddfWRW,6,305,4,4,545,3,6,180,4,147,Accept (Poster)
338,r1lUOzWCW,4,311,4,7,360,4,6,151,2,58,Accept (Poster)
339,HktXuGb0-,4,299,4,5,379,3,3,563,4,101,Reject
340,HklpCzC6-,5,675,5,4,473,4,4,474,4,11,Reject
341,ryHM_fbA-,6,600,4,4,261,3,2,193,5,117,Reject
342,HklZOfW0W,6,348,3,3,172,3,4,236,3,47,Reject
343,ry80wMW0W,6,284,2,5,355,2,7,441,3,28,Accept (Poster)
344,H1O0KGC6b,5,412,4,3,204,5,4,205,4,28,Reject
345,rkfOvGbCW,6,134,4,6,477,5,8,789,4,53,Accept (Poster)
346,ry_WPG-A-,6,385,2,7,516,3,7,184,3,191,Accept (Poster)
347,SJdCUMZAW,4,250,4,2,410,5,3,541,4,164,Reject
348,BJypUGZ0Z,6,548,4,6,685,5,4,647,3,67,Invite to Workshop Track
349,B1twdMCab,5,482,3,5,642,4,6,180,4,88,Reject
350,ryj38zWRb,4,505,4,6,379,4,6,503,3,213,Reject
351,rJGY8GbR-,7,251,3,5,102,1,5,415,3,58,Invite to Workshop Track
352,ByL48G-AW,4,133,5,4,435,4,3,245,5,36,Reject
353,ryCM8zWRb,8,280,4,4,743,5,6,130,5,85,Reject
354,SJPpHzW0-,5,289,3,4,708,5,4,126,3,38,Reject
355,HJC2SzZCW,8,470,4,5,459,3,4,583,5,162,Accept (Poster)
356,S1sqHMZCb,7,337,3,6,281,3,7,552,3,136,Accept (Poster)
357,rynniUpQM,4,197,4,3,1015,4,3,333,4,,
358,SkJKHMW0Z,3,573,5,5,301,3,5,139,3,218,Reject
359,SJ3dBGZ0Z,5,402,4,5,645,3,5,456,4,59,Reject
360,HJUOHGWRb,6,341,5,6,236,2,6,185,3,91,Reject
361,ByxLBMZCb,6,386,4,5,371,4,6,388,4,86,Invite to Workshop Track
362,SkhQHMW0W,7,592,4,6,243,5,7,212,4,157,Accept (Poster)
363,ryjw_eAaZ,4,573,4,5,263,2,5,555,3,122,Reject
364,H1uR4GZRZ,6,274,3,7,252,4,6,159,4,61,Accept (Poster)
365,r1saNM-RW,5,250,3,7,556,3,5,402,4,99,Reject
366,HJBhEMbRb,6,240,3,6,330,3,4,127,4,55,Reject
367,BJehNfW0-,7,356,4,6,519,4,7,258,3,43,Accept (Poster)
368,HJGcNz-0W,6,384,3,2,315,5,4,375,4,11,Reject
369,Bys_NzbC-,6,173,2,4,277,5,5,342,5,137,Reject
370,HkwBEMWCZ,8,160,3,8,113,3,6,196,4,40,Accept (Poster)
371,Sktm4zWRb,3,596,5,3,526,3,4,769,4,85,Reject
372,S1FQEfZA-,5,614,5,6,201,4,3,214,4,102,Reject
373,SyuWNMZ0W,4,597,4,4,310,4,4,465,5,41,Reject
374,H1WgVz-AZ,7,640,5,5,406,3,9,318,4,82,Accept (Poster)
375,SJDJNzWAZ,4,254,4,4,501,5,5,73,3,105,Invite to Workshop Track
376,H1a37GWCZ,7,272,4,5,170,4,5,574,4,77,Reject
377,Bk6qQGWRb,6,452,4,5,1094,4,5,729,4,279,Reject
378,HkOhuyA6-,3,372,5,4,256,3,7,126,3,74,Reject
379,ryQu7f-RZ,9,480,5,8,647,4,8,324,3,111,Accept (Oral)
380,Sy-dQG-Rb,7,357,3,7,351,3,8,257,3,69,Accept (Poster)
381,SJiHXGWAZ,5,278,3,4,211,5,9,194,5,83,Accept (Poster)
382,r1Dx7fbCW,7,380,5,7,216,4,8,215,4,19,Accept (Poster)
383,ByYPLJA6W,5,215,4,7,517,2,7,223,4,60,Reject
384,ryH_bShhW,3,279,4,3,130,5,2,110,5,53,Reject
385,SJLlmG-AZ,7,145,3,5,251,4,4,264,4,35,Accept (Poster)
386,BkQCGzZ0-,5,133,5,4,249,4,6,178,1,135,Reject
387,rkEtzzWAb,6,319,3,4,522,4,4,233,3,127,Invite to Workshop Track
388,H18uzzWAZ,5,114,3,4,370,5,7,124,3,68,Reject
389,HJWLfGWRb,7,452,3,6,181,3,4,219,2,185,Accept (Poster)
390,HJcSzz-CZ,6,260,5,6,117,4,6,335,4,61,Accept (Poster)
391,B1CQGfZ0b,4,453,4,5,715,4,5,693,3,78,Reject
392,HkfXMz-Ab,7,452,2,8,398,4,7,168,3,295,Accept (Oral)
393,B1EA-M-0Z,4,1018,4,6,406,4,7,171,3,48,Accept (Poster)
394,Syx6bz-Ab,5,387,5,4,267,4,5,182,4,256,Reject
395,rJFOptp6Z,3,161,4,5,271,5,3,493,4,68,Reject
396,B1Lc-Gb0Z,7,535,4,7,65,4,7,423,3,103,Accept (Poster)
397,SJvu-GW0b,4,69,4,4,578,4,4,215,3,32,Reject
398,Skz_WfbCZ,9,145,4,6,145,3,7,538,4,102,Accept (Poster)
399,HyRnez-RW,7,401,4,5,363,4,6,268,4,21,Accept (Poster)
400,B1e5ef-C-,7,110,3,7,60,1,6,652,4,75,Accept (Poster)
401,Skx5txzb0W,4,347,4,6,369,4,4,403,4,48,Reject
402,Hk-FlMbAZ,3,972,3,4,202,3,5,347,3,99,Reject
403,r1ISxGZRb,5,232,2,5,344,3,5,355,3,56,Reject
404,ryZElGZ0Z,4,38,1,4,387,4,5,352,4,50,Reject
405,SJA7xfb0b,8,584,4,6,187,3,6,242,4,22,Accept (Poster)
406,BkA7gfZAb,5,164,4,6,551,4,6,695,3,142,Invite to Workshop Track
407,B1i7ezW0-,5,411,4,4,566,5,7,31,2,83,Reject
408,rJwelMbR-,7,244,4,7,242,4,4,694,4,77,Accept (Poster)
409,S1JHhv6TW,7,225,4,9,145,4,8,555,3,65,Accept (Oral)
410,S1p31z-Ab,6,132,4,6,216,3,5,288,5,114,Accept (Poster)
411,rJl3yM-Ab,6,130,2,8,154,3,6,280,4,74,Accept (Poster)
412,Hk__kGbCW,5,263,4,6,213,4,4,254,4,79,Reject
413,B14uJzW0b,4,430,4,6,446,3,6,78,2,173,Invite to Workshop Track
414,rJr4kfWCb,2,155,5,3,234,4,3,142,4,119,Reject
415,B1wN2f2-G,5,278,4,5,125,5,4,50,5,,
416,SJCPLLpaW,4,234,5,5,257,4,7,237,4,26,Reject
417,H1bM1fZCW,6,270,2,4,459,4,4,371,4,41,Reject
418,B1KJJf-R-,4,542,4,5,349,4,7,84,4,25,Invite to Workshop Track
419,SknC0bW0-,5,166,4,4,349,5,6,336,5,140,Reject
420,rJssAZ-0-,4,854,4,4,268,4,5,600,4,103,Reject
421,Skvin0GWM,4,569,5,3,82,5,,,,,
422,rk6H0ZbRb,5,149,2,8,224,3,3,435,4,147,Invite to Workshop Track
423,SJFM0ZWCb,3,277,5,5,254,4,4,413,4,85,Reject
424,r1pW0WZAW,3,112,4,7,652,5,6,93,4,212,Invite to Workshop Track
425,S1HlA-ZAZ,6,544,4,7,160,3,7,112,2,136,Accept (Poster)
426,H1mCp-ZRZ,7,264,3,7,121,3,7,428,4,66,Accept (Poster)
427,H1K6Tb-AZ,4,439,4,5,244,2,4,243,2,58,Reject
428,SySpa-Z0Z,7,221,3,4,556,3,4,238,4,56,Reject
429,rJHcpW-CW,3,751,5,6,497,4,5,114,4,88,Reject
430,r1drp-WCZ,3,388,5,5,265,5,7,450,5,52,Reject
431,HyfHgI6aW,4,480,5,6,328,2,9,544,4,67,Accept (Poster)
432,r17Q6WWA-,5,132,5,6,332,4,6,167,4,38,Reject
433,SJgf6Z-0W,3,332,4,7,409,3,4,414,4,72,Reject
434,SJme6-ZR-,6,178,1,4,125,4,6,132,5,179,Reject
435,rkh-agjMG,3,625,4,3,707,3,3,880,3,,
436,Sy3nGCYXz,3,258,4,3,182,3,5,217,4,,
437,Skw0n-W0Z,7,263,4,4,792,4,7,196,3,40,Accept (Poster)
438,rJma2bZCW,6,637,4,3,593,4,5,285,4,181,Reject
439,SJJinbWRZ,7,515,4,6,352,3,7,499,5,45,Accept (Poster)
440,ryOegkTXf,5,145,3,4,135,4,4,297,4,,
441,r1Oen--RW,5,253,3,4,350,4,4,395,4,81,Reject
442,H1tSsb-AW,7,361,4,8,370,3,6,484,4,15,Accept (Oral)
443,Bys4ob-Rb,8,285,4,8,228,4,5,189,3,99,Accept (Poster)
444,ByJ7obb0b,4,213,4,5,261,4,2,1546,4,124,Reject
445,SyF7Erp6W,3,838,2,2,808,5,3,243,1,9,Reject
446,HJWpQCa7z,5,111,4,4,186,4,5,237,3,,
447,HyBbjW-RW,4,321,5,4,255,5,4,493,5,171,Reject
448,r1TA9ZbA-,7,140,3,4,379,4,5,405,4,240,Reject
449,HJsk5-Z0W,3,95,5,4,234,5,4,407,3,8,Reject
450,SyKoKWbC-,6,507,3,6,228,4,6,402,3,113,Invite to Workshop Track
451,rJe7FW-Cb,5,446,4,5,202,4,6,155,4,89,Reject
452,H15odZ-C-,6,200,3,5,203,4,7,135,4,58,Accept (Poster)
453,H196sainb,9,428,4,3,312,5,8,190,3,84,Accept (Poster)
454,SyL9u-WA-,7,146,4,5,209,4,5,142,3,95,Reject
455,BkwHObbRZ,6,432,3,9,191,3,7,172,3,122,Accept (Poster)
456,S18Su--CW,6,163,2,6,346,4,6,364,4,55,Accept (Poster)
457,rJVruWZRW,2,129,4,4,340,4,4,195,4,90,Reject
458,BkCV_W-AZ,4,424,4,7,222,4,5,405,5,66,Invite to Workshop Track
459,Bkl1uWb0Z,3,213,5,6,686,5,5,271,4,117,Reject
460,SyvCD-b0W,4,338,5,3,538,4,4,640,5,23,Reject
461,Hyg0vbWC-,7,401,5,8,364,3,7,452,4,143,Accept (Poster)
462,HJJ0w--0W,4,914,4,5,362,3,6,369,4,41,Reject
463,B1X4DWWRb,5,435,3,8,123,3,7,401,4,174,Reject
464,BJubPWZRW,2,251,4,5,212,4,7,228,4,74,Invite to Workshop Track
465,S1FFLWWCZ,4,308,4,6,583,4,3,820,4,45,Reject
466,B1suU-bAW,5,286,3,5,803,5,5,608,4,88,Reject
467,ryF-cQ6T-,6,402,3,4,626,3,3,173,2,103,Reject
468,HJYQLb-RW,4,170,4,5,291,3,7,262,3,72,Invite to Workshop Track
469,SJ60SbW0b,4,139,4,5,233,4,7,141,4,65,Reject
470,Sk7cHb-C-,6,633,3,3,100,3,4,494,4,67,Reject
471,ByquB-WC-,4,198,4,4,381,4,4,310,4,129,Reject
472,B1kIr-WRb,5,538,3,5,260,5,5,961,5,104,Reject
473,BJJLHbb0-,8,96,5,8,770,4,8,323,4,63,Accept (Poster)
474,By3VrbbAb,4,827,5,6,169,3,5,297,3,25,Reject
475,ryserbZR-,5,356,4,6,175,3,5,399,3,161,Reject
476,HyRVBzap-,6,237,4,6,261,4,5,337,4,90,Accept (Poster)
477,Byj54-bAW,4,1199,3,4,409,3,5,366,3,81,Reject
478,rkQu4Wb0Z,5,292,5,5,556,3,5,260,4,57,Reject
479,HkCnm-bAb,5,1220,3,6,281,3,6,477,3,192,Invite to Workshop Track
480,HyEi7bWR-,7,515,3,6,182,3,5,136,4,151,Reject
481,rJv4XWZA-,6,339,4,5,369,4,4,154,4,61,Reject
482,HJ4YGZ-AW,4,544,5,5,547,4,4,309,4,86,Reject
483,B1ydPgTpW,6,207,5,4,473,4,4,258,4,24,Reject
484,HJXOfZ-AZ,3,479,3,3,215,5,5,588,4,56,Reject
485,BJRxfZbAW,6,338,5,4,296,3,4,255,4,80,Reject
486,SJzRZ-WCZ,3,220,4,7,328,4,7,445,3,130,Accept (Poster)
487,ry-TW-WAb,7,137,5,7,512,4,7,350,3,26,Accept (Poster)
488,B1Z3W-b0W,5,213,4,6,590,5,5,590,4,102,Invite to Workshop Track
489,B1hcZZ-AW,5,229,4,9,525,4,4,35,4,78,Accept (Poster)
490,HksxTdiWz,4,455,4,5,725,4,4,376,4,,
491,ryDNZZZAW,6,589,3,6,451,5,6,136,5,152,Invite to Workshop Track
492,rkHVZWZAZ,7,1095,4,7,246,2,7,287,4,35,Accept (Poster)
493,SyAbZb-0Z,5,440,2,7,310,3,4,329,4,80,Reject
494,H1Dy---0Z,9,240,4,7,422,4,6,183,3,121,Accept (Poster)
495,HkZy-bW0-,7,513,5,6,550,4,8,494,4,19,Accept (Poster)
496,HkcTe-bR-,4,323,2,7,153,4,6,127,3,66,Invite to Workshop Track
497,ryG6xZ-RZ,5,234,4,7,246,4,5,321,3,164,Invite to Workshop Track
498,HyH9lbZAW,7,281,3,7,637,4,7,255,2,106,Accept (Poster)
499,BJluxbWC-,5,703,4,5,192,5,4,442,4,13,Reject
500,HJIoJWZCZ,5,281,4,7,379,3,8,376,5,109,Accept (Poster)
501,HJaDJZ-0W,5,483,3,7,171,4,5,502,4,71,Reject
502,rJ8X2VT7M,4,507,4,5,292,3,4,257,4,,
503,HJRV1ZZAW,4,588,4,7,172,3,5,201,4,125,Reject
504,BkBCjzp7G,4,685,4,3,800,5,5,420,4,,
505,SyJ7ClWCb,4,559,3,8,192,4,7,250,3,73,Accept (Poster)
506,S1EzRgb0W,4,209,5,4,483,3,6,426,4,68,Reject
507,Sy1f0e-R-,8,195,3,7,180,4,5,172,5,223,Reject
508,rk1J969Xz,4,250,4,4,361,4,3,288,4,,
509,HyunpgbR-,4,1203,5,7,362,3,5,376,3,43,Reject
510,HJtPtdqQG,4,568,4,5,741,4,4,1664,4,,
511,Hkc-TeZ0W,5,331,4,5,296,4,8,175,5,90,Accept (Poster)
512,Hy_o3x-0b,5,468,4,3,351,3,6,375,4,57,Reject
513,rkWN3g-AZ,3,529,5,4,367,4,4,1043,3,18,Reject
514,BkTQ8UckG,4,182,4,,,,,,,,
515,r1VVsebAZ,8,1139,5,4,776,4,6,203,3,297,Accept (Poster)
516,S14EogZAZ,5,364,4,4,599,4,5,332,3,97,Reject
517,rkw-jlb0W,8,169,4,5,257,3,5,55,1,92,Reject
518,BJ8lbVAfz,4,711,4,2,496,5,2,295,5,,
519,ByQZjx-0-,6,116,2,5,1013,3,5,485,2,325,Invite to Workshop Track
520,H1xJjlbAZ,6,127,2,4,171,4,5,752,5,113,Reject
521,rJbs5gbRW,2,99,5,3,305,4,3,393,4,68,Reject
522,H1wt9x-RW,8,119,3,8,447,4,4,233,3,65,Reject
523,Hkbd5xZRb,8,404,4,7,124,3,9,149,4,88,Accept (Oral)
524,SkT5Yg-RZ,8,199,4,5,192,3,8,361,4,92,Accept (Poster)
525,BkktYCkZf,3,527,4,3,145,2,3,522,4,,
526,ryDUFeWRW,4,524,5,4,482,4,4,687,4,56,Reject
527,HkgNdt26Z,5,347,4,4,93,3,4,155,4,154,Accept (Poster)
528,HJ1HFlZAb,3,290,5,3,526,5,5,462,3,64,Reject
529,r17lFgZ0Z,4,152,4,5,246,4,5,286,3,95,Reject
530,S1Ow_e-Rb,3,220,4,3,1213,5,2,981,5,49,Reject
531,r154_g-Rb,5,382,4,4,241,5,7,533,3,69,Reject
532,ry0WOxbRZ,5,508,4,4,715,5,5,279,4,45,Reject
533,SyqAPeWAZ,6,493,2,3,395,5,4,890,4,51,Reject
534,rJrTwxbCb,5,637,2,4,571,4,5,1856,4,230,Invite to Workshop Track
535,H1cKvl-Rb,6,498,5,7,239,4,5,202,3,108,Reject
536,H1A5ztj3b,4,415,3,4,404,4,4,178,3,174,Reject
537,HytSvlWRZ,4,510,5,5,158,3,5,297,4,196,Reject
538,r1kNDlbCb,5,245,4,4,485,4,6,385,4,141,Reject
539,rkEfPeZRb,6,196,4,4,498,4,7,174,4,55,Invite to Workshop Track
540,Hk6kPgZA-,9,130,5,9,119,4,9,137,4,365,Accept (Oral)
541,rkHywl-A-,6,418,4,6,661,2,7,266,3,117,Accept (Poster)
542,rkN2Il-RZ,5,375,4,6,316,4,7,948,4,55,Accept (Poster)
543,HymYLebCb,3,206,3,6,262,3,6,157,3,79,Reject
544,HyWrIgW0W,8,314,5,5,239,4,6,224,4,18,Accept (Poster)
545,B1gJ1L2aW,8,407,3,6,53,1,7,312,4,47,Accept (Oral)
546,ByKWUeWA-,6,453,4,6,529,3,6,352,3,22,Accept (Poster)
547,Sk0pHeZAW,4,175,4,4,466,5,2,492,3,56,Reject
548,B1J_rgWRW,6,327,4,6,450,5,7,265,4,26,Accept (Poster)
549,rkZvSe-RZ,6,115,2,6,390,4,6,357,4,110,Accept (Poster)
550,rJoXrxZAZ,6,294,5,4,466,5,4,169,5,54,Reject
551,HylgYB3pZ,5,405,4,5,175,4,4,361,4,74,Reject
552,SJyfrl-0b,5,292,4,6,351,4,4,463,5,27,Invite to Workshop Track
553,HkJ1rgbCb,5,378,4,5,611,4,5,124,4,79,Reject
554,By0ANxbRW,4,574,3,3,174,3,3,158,5,31,Reject
555,HyDAQl-AW,5,758,4,4,156,5,4,479,4,21,Reject
556,SJICXeWAb,6,262,4,5,391,4,3,342,5,34,Reject
557,BygpQlbA-,4,637,3,7,414,3,5,539,4,60,Invite to Workshop Track
558,ByOnmlWC-,8,694,5,6,229,4,3,267,4,125,Accept (Poster)
559,S1fHmlbCW,5,289,5,5,365,4,2,943,3,59,Reject
560,H1-nGgWC-,6,424,4,6,361,4,6,1025,4,37,Accept (Poster)
561,HyIFzx-0b,5,183,3,5,227,3,3,713,4,92,Reject
562,rJUYGxbCW,7,391,4,7,197,4,7,412,4,92,Accept (Poster)
563,SJtfOEn6-,4,228,4,4,256,4,4,422,4,54,Reject
564,H1rRWl-Cb,5,448,4,7,805,5,5,319,5,125,Reject
565,Hy1d-ebAb,5,630,3,6,231,3,6,484,4,170,Invite to Workshop Track
566,HJMN-xWC-,5,117,5,4,239,2,5,413,2,73,Reject
567,Hki-ZlbA-,5,530,4,4,270,4,6,374,3,85,Reject
568,Sy2ogebAW,6,455,4,5,700,4,7,625,5,163,Accept (Poster)
569,SkmiegW0b,6,398,4,5,696,3,5,199,3,135,Invite to Workshop Track
570,HJjvxl-Cb,3,831,4,7,377,4,5,376,4,83,Invite to Workshop Track
571,rJ4uaX2aW,5,306,3,4,194,4,5,322,5,135,Reject
572,SysEexbRb,7,251,3,7,465,5,6,327,4,35,Accept (Poster)
573,ByUEelW0-,4,326,3,4,325,3,3,250,4,31,Reject
574,Hk5elxbRW,6,490,5,7,134,4,8,140,4,144,Accept (Poster)
575,SyUkxxZ0b,4,553,4,5,254,3,3,332,3,93,Invite to Workshop Track
576,rJR2ylbRb,5,457,5,5,86,4,3,352,4,34,Reject
577,Sk2u1g-0-,8,220,4,7,275,4,9,653,2,44,Accept (Oral)
578,B1nLkl-0Z,6,170,4,6,231,4,5,341,3,71,Reject
579,B1ae1lZRb,7,241,4,7,190,4,8,121,4,60,Accept (Poster)
580,HJr4QJ26W,4,298,5,5,365,3,4,525,4,53,Reject
581,HydnA1WCb,4,318,4,3,601,4,3,252,4,77,Reject
582,HJZiRkZC-,7,268,4,5,160,3,5,437,5,80,Reject
583,S1tWRJ-R-,4,398,4,5,161,3,5,255,4,43,Reject
584,rkrWCJWAW,6,184,3,5,183,4,5,511,4,64,Reject
585,rkYgAJWCZ,4,217,4,3,248,4,4,337,4,59,Reject
586,SJ-C6JbRW,7,227,4,7,331,4,8,149,5,155,Accept (Poster)
587,r1BRfhiab,6,229,3,3,372,4,4,310,4,24,Reject
588,rkmtTJZCb,4,387,4,4,467,4,4,127,4,66,Reject
589,r1Ddp1-Rb,6,411,4,7,612,4,6,415,4,44,Accept (Poster)
590,HyiS6k-CW,3,381,5,5,205,4,4,348,5,37,Reject
591,B1p461b0W,5,426,4,4,333,5,5,258,5,62,Reject
592,B1zlp1bRW,7,622,3,6,217,3,6,633,3,60,Accept (Poster)
593,rkcya1ZAW,3,151,3,6,123,4,6,330,4,46,Reject
594,SyWvxWYQf,5,188,5,7,387,4,5,427,4,,
595,HJ39YKiTb,4,175,5,3,565,4,3,812,5,71,Reject
596,BkoXnkWAb,4,217,4,5,375,5,5,311,3,28,Invite to Workshop Track
597,HkL7n1-0b,8,239,3,8,278,3,8,190,4,101,Accept (Oral)
598,Byt3oJ-0W,8,679,4,7,433,4,6,245,2,85,Accept (Poster)
599,S1viikbCW,4,1576,4,4,692,3,5,500,2,18,Reject
600,SJahqJZAW,5,505,4,3,292,5,8,212,4,99,Reject
601,BJk59JZ0b,6,238,2,4,220,4,7,401,4,70,Accept (Poster)
602,By3v9k-RZ,4,278,4,5,409,4,4,167,3,77,Invite to Workshop Track
603,B1QgVti6Z,3,136,3,7,169,3,7,449,3,39,Accept (Poster)
604,BkDB51WR-,6,306,2,5,118,4,6,171,4,55,Reject
605,B1D6ty-A-,6,439,4,4,419,4,7,261,5,71,Reject
606,BJ0hF1Z0b,7,178,4,7,243,2,8,177,4,94,Accept (Poster)
607,SkBYYyZRZ,4,194,4,5,131,5,7,141,5,76,Invite to Workshop Track
608,r1ZdKJ-0W,7,192,4,6,468,4,7,517,3,39,Accept (Poster)
609,rk8wKk-R-,8,312,4,5,439,4,4,68,3,87,Invite to Workshop Track
610,B1EPYJ-C-,5,329,3,7,590,5,5,206,5,82,Reject
611,H1DJFybC-,4,434,4,6,623,4,4,202,2,25,Reject
612,HyiAuyb0b,7,677,4,7,266,4,7,342,4,20,Accept (Poster)
613,HkUR_y-RZ,8,241,4,5,471,5,7,185,3,182,Accept (Poster)
614,rk8R_JWRW,5,619,4,5,353,3,4,287,4,190,Reject
615,BkeC_J-R-,4,599,5,5,373,3,3,163,4,75,Reject
616,BJjquybCW,4,292,4,7,23,2,5,146,2,59,Invite to Workshop Track
617,SyzKd1bCW,8,542,4,7,1255,3,6,148,2,127,Accept (Poster)
618,H1OQukZ0-,4,322,3,5,389,3,4,499,3,43,Reject
619,rkGZuJb0b,5,274,3,5,820,4,4,151,4,59,Reject
620,rJ1RPJWAW,7,667,4,6,281,4,4,345,4,118,Reject
621,SyjjD1WRb,4,229,4,4,952,4,4,196,4,48,Reject
622,S1EwLkW0W,4,512,4,4,430,4,6,127,3,118,Reject
623,rJ8rHkWRb,3,235,4,5,218,4,4,262,5,29,Reject
624,SkBHr1WRW,7,197,3,4,551,4,4,480,4,81,Reject
625,BJB7fkWR-,3,214,3,2,162,4,4,184,5,29,Reject
626,HyHmGyZCZ,2,137,4,4,460,5,3,124,4,100,Reject
627,BJ78bJZCZ,4,226,5,6,147,4,3,210,4,38,Reject
628,Bk9zbyZCZ,7,261,4,9,415,5,6,340,5,60,Accept (Poster)
629,rJlMAAeC-,3,82,4,7,605,4,7,533,4,205,Accept (Poster)
630,HJGXzmspb,7,364,4,7,382,3,8,267,4,24,Accept (Oral)
631,Syjha0gAZ,5,407,4,7,162,3,4,469,3,79,Reject
632,ByhthReRb,6,301,3,4,408,3,3,365,3,74,Reject
633,HJ3d2Ax0-,5,113,2,7,397,3,6,106,3,185,Invite to Workshop Track
634,BkQqq0gRb,6,66,3,6,327,4,6,147,2,35,Accept (Poster)
635,HkxF5RgC-,6,208,2,6,243,4,6,151,2,53,Accept (Poster)
636,ry4S90l0b,3,192,5,4,233,4,3,224,4,67,Reject
637,Bk8ZcAxR-,6,370,3,9,155,5,7,959,4,28,Accept (Poster)
638,HkjL6MiTb,4,281,4,4,309,4,4,104,5,62,Reject
639,S1fduCl0b,9,96,5,4,289,5,4,404,2,133,Reject
640,r1RQdCg0W,6,410,4,6,424,4,6,302,4,72,Reject
641,HkanP0lRW,3,98,5,6,418,5,4,135,5,88,Reject
642,BkrSv0lA-,8,124,3,6,217,4,6,139,4,44,Accept (Poster)
643,r1HNP0eCW,2,464,5,6,205,4,2,213,4,109,Reject
644,B1QRgziT-,7,363,4,8,241,3,7,246,2,93,Accept (Oral)
645,BJgd7m0xRZ,4,220,4,4,328,4,4,391,4,19,Reject
646,Hk99zCeAb,8,327,4,1,575,4,8,686,4,225,Accept (Oral)
647,SkFqf0lAZ,6,511,3,5,181,5,8,119,5,180,Accept (Poster)
648,HJhIM0xAW,5,399,4,6,220,3,7,1010,4,67,Accept (Poster)
649,HJw8fAgA-,6,366,4,5,323,4,8,342,4,67,Reject
650,SkymMAxAb,5,281,4,4,206,4,4,330,4,34,Reject
651,Sy3XxCx0Z,6,550,5,5,304,4,3,259,5,119,Invite to Workshop Track
652,SySaJ0xCZ,6,255,4,5,285,5,4,417,4,76,Invite to Workshop Track
653,r1hsJCe0Z,4,305,4,6,473,4,6,213,4,175,Invite to Workshop Track
654,BkVf1AeAZ,4,337,5,4,264,3,3,171,4,74,Reject
655,SJzMATlAZ,6,438,3,3,370,5,7,346,4,166,Reject
656,B1ZvaaeAZ,5,202,3,9,240,4,5,172,4,241,Accept (Poster)
657,H1Ww66x0-,3,316,4,2,289,5,4,221,4,16,Reject
658,Syhr6pxCW,8,218,4,6,393,4,7,74,3,43,Accept (Poster)
659,SyPMT6gAb,4,678,4,5,319,5,7,343,3,52,Reject
660,rk3pnae0b,3,459,5,4,450,4,8,205,3,201,Invite to Workshop Track
661,BJjBnN9a-,5,514,3,6,195,2,4,449,4,213,Reject
662,ryb83alCZ,4,255,4,4,350,4,4,529,5,81,Reject
663,rJaE2alRW,4,246,5,5,405,3,5,295,4,75,Reject
664,Hk6WhagRW,6,636,3,7,158,4,5,634,4,61,Accept (Poster)
665,Bk_fs6gA-,4,139,1,4,500,2,3,94,4,29,Reject
666,Hko85plCW,7,374,5,6,406,4,8,151,4,99,Accept (Poster)
667,S1XXq6lRW,4,225,3,2,195,4,3,351,4,23,Reject
668,rJhR_pxCZ,3,515,5,4,310,4,5,247,4,46,Reject
669,ByJHuTgA-,7,79,2,5,132,5,8,573,3,114,Accept (Poster)
670,ByzvHagA-,6,175,3,5,424,4,4,408,3,21,Reject
671,BJOFETxR-,8,364,4,8,216,4,8,171,4,157,Accept (Oral)
672,ry4SNTe0-,3,322,4,2,350,4,3,210,5,60,Reject
673,H1NV4agCb,5,649,4,3,406,5,4,312,4,36,Reject
674,ByS1VpgRZ,6,339,4,7,264,5,6,204,4,65,Accept (Poster)
675,HkCsm6lRb,7,120,3,7,312,4,7,302,3,8,Accept (Poster)
676,H1vEXaxA-,8,329,5,7,407,3,5,498,5,177,Accept (Poster)
677,Skk3Jm96W,7,295,4,6,1040,5,4,515,4,118,Invite to Workshop Track
678,BJcAWaeCW,3,231,4,4,418,4,4,316,5,38,Reject
679,SkFAWax0-,8,316,4,5,899,4,6,376,4,165,Accept (Poster)
680,HyyP33gAZ,5,403,4,7,291,4,8,452,4,83,Accept (Poster)
681,H1Y8hhg0b,6,233,3,6,508,3,7,341,4,25,Accept (Poster)
682,S1Q79heRW,3,146,5,7,231,3,3,527,5,35,Reject
683,S1347ot3b,2,188,5,2,144,5,3,545,5,85,Reject
684,rJWechg0Z,6,473,5,7,263,5,8,242,4,21,Accept (Poster)
685,By5SY2gA-,6,206,3,4,360,5,4,207,4,47,Reject
686,Sy_MK3lAZ,5,398,4,5,301,3,4,506,4,14,Reject
687,Hkp3uhxCW,5,528,4,6,244,4,6,349,5,108,Reject
688,rJBiunlAW,7,102,4,8,321,5,4,302,5,111,Reject
689,Skdvd2xAZ,9,225,4,6,224,4,6,409,4,47,Accept (Poster)
690,SkfNU2e0Z,3,178,4,5,332,4,5,112,3,117,Reject
691,BkN_r2lR-,7,248,4,5,173,4,4,721,3,87,Accept (Poster)
692,r1AMITFaW,3,444,4,4,303,4,4,208,4,111,Reject
693,S1v4N2l0-,6,221,5,6,542,4,6,979,3,69,Accept (Poster)
694,SyVVXngRW,6,116,4,3,869,4,5,477,4,70,Reject
695,rk4Fz2e0b,6,301,3,5,341,3,6,210,3,70,Invite to Workshop Track
696,SkxqZngC-,7,577,4,3,357,4,5,140,2,115,Reject
697,BJDEbngCZ,6,118,4,5,31,3,5,192,3,26,Reject
698,ByBAl2eAZ,6,309,4,7,469,4,7,714,5,205,Accept (Poster)
699,SkAK2jg0b,3,140,4,4,184,5,4,77,5,9,Reject
700,SJxE3jlA-,4,523,5,4,361,4,4,313,5,64,Reject
701,HkNGsseC-,6,259,4,8,143,3,6,518,4,59,Accept (Poster)
702,Hy7fDog0b,7,328,4,7,222,4,8,311,4,30,Accept (Oral)
703,rkhxwltab,2,351,3,3,184,5,6,599,4,85,Reject
704,r1iuQjxCZ,7,352,3,5,639,4,9,624,3,101,Accept (Poster)
705,SyW4Gjg0W,5,537,5,5,292,4,4,198,5,77,Reject
706,H1cWzoxA-,6,257,4,9,201,4,6,231,4,24,Accept (Poster)
707,rkxY-sl0W,6,433,4,4,605,3,4,493,4,56,Invite to Workshop Track
708,SkHkeixAW,5,539,5,4,256,4,4,222,5,34,Reject
709,rJa90ceAb,4,402,4,5,342,4,4,171,5,35,Reject
710,SJtChcgAW,6,311,3,5,179,3,5,398,4,72,Reject
711,B13EC5u6W,4,488,3,8,310,2,7,632,4,101,Reject
712,SJw03ceRW,6,167,4,4,237,3,4,356,4,70,Reject
713,r1q7n9gAb,5,713,5,7,204,4,8,283,4,109,Accept (Poster)
714,rk3b2qxCW,6,343,3,5,250,4,5,237,5,44,Reject
715,BJvWjcgAZ,4,640,4,6,196,4,5,221,4,27,Reject
716,SJVHY9lCb,4,246,4,4,214,4,4,97,5,9,Reject
717,rJWrK9lAb,5,354,4,3,229,5,5,490,5,79,Invite to Workshop Track
718,Sk9yuql0Z,6,312,4,7,168,4,6,207,3,225,Accept (Poster)
719,SyjsLqxR-,3,293,4,6,243,3,6,114,3,79,Reject
720,BJy0fcgRZ,6,166,4,5,335,5,5,242,4,72,Invite to Workshop Track
721,H1MczcgR-,7,278,4,6,116,4,8,621,3,76,Accept (Poster)
722,BJQPG5lR-,6,1432,4,6,302,4,6,759,5,43,Reject
723,HkbmWqxCZ,4,851,5,5,613,4,4,134,4,47,Reject
724,BkoCeqgR-,4,483,4,3,330,4,3,216,4,9,Reject
725,r1nmx5l0W,5,96,3,4,594,5,7,347,3,136,Reject
726,B1CNpYg0-,5,257,4,7,125,3,5,790,4,191,Reject
727,HJDUjKeA-,3,495,4,4,282,3,4,267,4,10,Reject
728,HkwrqtlR-,3,741,5,3,328,4,3,162,5,15,Reject
729,HyXBcYg0b,7,278,4,3,416,4,6,197,3,113,Reject
730,HJqUtdOaZ,1,132,5,3,376,4,2,79,3,149,Reject
731,HJDV5YxCW,6,317,4,5,233,4,4,127,4,40,Reject
732,r1YUtYx0-,4,535,3,4,342,5,8,224,4,55,Invite to Workshop Track
733,BkPrDFgR-,6,283,3,5,224,4,3,283,5,35,Reject
734,HkpRBFxRb,5,151,3,6,522,4,5,657,4,24,Reject
735,B1l8BtlCb,7,269,4,7,271,4,6,196,4,60,Accept (Poster)
736,SJ1fQYlCZ,4,345,4,6,144,3,4,311,4,56,Reject
737,BJRZzFlRb,8,309,4,6,79,4,7,132,4,108,Accept (Poster)
738,SybqeKgA-,5,515,3,5,228,4,4,735,3,88,Reject
739,SyMvJrdaW,6,159,3,7,52,3,6,631,3,229,Accept (Poster)
740,Hy8hkYeRb,4,144,4,3,651,4,3,136,5,85,Reject
741,SyrGJYlRZ,4,376,3,4,357,5,6,82,1,57,Reject
742,B1IDRdeCW,7,539,4,4,186,3,7,294,4,123,Accept (Poster)
743,B17JTOe0-,8,560,4,9,180,4,8,623,4,53,Accept (Poster)
744,SksY3deAW,5,264,4,4,486,4,5,344,3,80,Reject
745,ry9tUX_6-,6,179,3,6,125,3,6,612,3,111,Reject
746,ryA-jdlA-,2,597,5,3,483,4,3,589,4,18,Reject
747,S1PWi_lC-,5,86,4,4,174,5,5,114,3,18,Reject
748,BJIgi_eCZ,7,299,5,8,167,3,7,421,4,36,Accept (Poster)
749,S1jBcueAb,5,171,4,7,236,4,7,225,3,93,Accept (Poster)
750,Hk9Xc_lR-,6,707,4,3,1075,4,7,211,4,33,Accept (Poster)
751,H18WqugAb,6,375,3,7,206,4,6,384,5,231,Invite to Workshop Track
752,BJaU__eCZ,8,115,5,6,273,4,5,298,3,127,Reject
753,HyUNwulC-,6,60,3,7,241,2,7,201,4,33,Accept (Poster)
754,SkBcLugC-,6,260,3,5,585,4,5,250,4,42,Reject
755,B1uvH_gC-,5,392,5,4,534,4,3,301,4,34,Reject
756,H1vCXOe0b,3,133,3,5,463,3,3,125,4,63,Reject
757,H139Q_gAW,4,529,5,6,266,4,5,460,3,96,Reject
758,SkVqXOxCb,5,438,4,7,237,3,7,238,2,69,Accept (Poster)
759,SJi9WOeRb,7,577,2,7,471,4,6,138,2,79,Accept (Poster)
760,SyJS-OgR-,7,171,4,7,389,3,7,329,4,47,Accept (Poster)
761,BJgPCveAW,4,581,3,5,120,3,4,182,3,71,Reject
762,HJ_X8GupW,4,354,5,3,98,4,4,890,5,63,Reject
763,Hk2MHt-3-,6,259,4,6,316,4,6,440,4,84,Reject
764,By03VlJGG,6,435,4,4,260,4,5,379,5,,
765,SywMS6ZfM,4,217,5,5,479,5,5,656,5,,
766,ryvxcPeAb,4,469,4,5,99,3,5,346,4,67,Reject
767,rkeDJ04Mf,5,459,3,4,326,3,5,463,4,,
768,rkr1UDeC-,8,395,4,4,202,3,6,48,3,107,Accept (Poster)
769,SJOl4DlCZ,7,301,3,4,296,3,4,300,3,136,Reject
770,r1D4bs1Wz,3,408,5,4,224,4,4,383,4,,
771,r1kP7vlRb,7,104,1,4,115,3,7,259,3,340,Reject
772,SJDYgPgCZ,4,275,4,5,235,4,4,574,4,40,Reject
773,B1mAkPxCZ,4,231,3,6,431,4,5,909,4,24,Reject
774,B1nZ1weCZ,5,255,3,7,490,3,7,205,5,185,Accept (Poster)
775,ByJbJwxCW,6,447,4,3,264,3,3,363,5,87,Reject
776,H1meywxRW,7,101,4,6,110,4,8,182,2,53,Accept (Poster)
777,ByJDAIe0b,4,219,4,4,440,3,4,243,3,74,Reject
778,SJjADecmf,6,646,4,4,56,5,5,238,3,,
779,SJ8M9yup-,4,630,3,5,728,4,5,278,4,35,Reject
780,B1Gi6LeRZ,9,328,4,4,430,4,8,113,4,63,Accept (Poster)
781,Sy0GnUxCb,3,1147,3,9,666,5,7,202,4,238,Accept (Poster)
782,SJn0sLgRb,4,222,5,5,416,4,6,127,4,57,Reject
783,ry1arUgCW,7,212,3,6,438,4,6,580,4,112,Accept (Poster)
784,BJLmN8xRW,7,603,4,5,261,3,4,324,4,74,Reject
785,BkM27IxR-,5,372,3,6,342,4,6,409,3,156,Reject
786,B1mSWUxR-,5,114,2,5,202,4,6,610,3,53,Reject
787,rkhlb8lCZ,7,384,4,9,352,3,4,241,4,47,Accept (Poster)
788,rJ7yZ2P6-,6,172,3,3,221,5,5,654,4,44,Reject
789,SJ19eUg0-,6,440,4,4,179,4,6,180,4,132,Reject
790,H1bhRHeA-,5,418,4,5,221,3,5,208,4,143,Reject
791,rknt2Be0-,9,618,4,3,1307,4,6,361,3,201,Accept (Poster)
792,r11Q2SlRW,7,243,3,7,728,5,6,310,5,234,Accept (Poster)
793,SJa9iHgAZ,6,124,3,5,298,5,7,384,4,36,Accept (Poster)
794,H1vrqSxAb,4,704,5,5,257,4,5,204,5,17,Reject
795,rybDdHe0Z,4,822,5,6,218,5,3,303,4,79,Reject
796,SJiHOSeR-,2,332,5,3,441,4,3,440,4,29,Reject
797,SJLy_SxC-,6,271,4,6,264,4,5,291,4,194,Reject
798,Hy3MvSlRW,4,519,5,5,576,5,5,235,4,100,Reject
799,H1-IBSgMz,6,150,3,2,591,4,3,126,5,,
800,SJ1nzBeA-,4,285,4,6,269,4,7,315,4,58,Accept (Poster)
801,H1pri9vTZ,7,33,1,3,235,4,4,391,3,48,Reject
802,SkFEGHx0Z,5,158,4,3,449,4,4,461,4,181,Reject
803,SkYibHlRb,4,336,5,7,109,4,5,419,5,142,Reject
804,B1Yy1BxCZ,6,562,4,7,176,4,6,863,4,107,Accept (Poster)
805,r1RF3ExCb,5,188,3,5,114,2,8,222,4,53,Reject
806,rylejExC-,3,189,4,4,350,4,7,232,3,203,Reject
807,BJNRFNlRW,7,434,4,6,151,4,7,106,3,102,Accept (Poster)
808,rJIN_4lA-,4,844,4,4,577,4,3,314,5,85,Reject
809,SJvrXqvaZ,4,152,4,4,310,4,4,101,4,46,Reject
810,rJv8PEgAZ,5,159,3,5,369,3,4,602,4,75,Reject
811,rJ7RBNe0-,5,199,3,4,307,3,2,301,3,131,Reject
812,BJ4prNx0W,5,253,4,4,281,4,5,347,2,22,Reject
813,SyELrEeAb,5,725,5,6,334,5,6,407,5,128,Accept (Poster)
814,H1UOm4gA-,7,524,4,6,588,4,6,239,4,80,Accept (Poster)
815,r1AoGNlC-,6,640,4,5,644,3,6,484,4,38,Reject
816,B1G6uM0WG,3,972,4,3,618,5,3,385,5,,
817,BywyFQlAW,5,277,3,6,405,4,6,285,3,79,Accept (Poster)
818,Hk2aImxAb,8,183,4,7,296,4,1,368,4,127,Accept (Oral)
819,HkAClQgA-,8,333,3,7,287,5,6,240,4,110,Accept (Poster)
820,H1zriGeCZ,6,387,4,6,89,3,9,705,5,68,Accept (Poster)
821,S16FPMgRZ,4,240,4,6,395,4,4,113,3,109,Reject
822,S1nQvfgA-,6,249,4,6,477,4,7,900,4,46,Accept (Poster)
823,ByaQIGg0-,5,472,4,7,566,4,4,160,5,104,Invite to Workshop Track
824,HJOQ7MgAW,6,228,4,5,624,5,7,121,3,34,Reject
825,rybAWfx0b,5,309,5,6,290,5,5,368,5,64,Invite to Workshop Track
826,ryOBB6g-M,5,314,2,4,391,4,3,291,5,,
827,BJMuY-gRW,5,294,4,6,221,4,4,357,4,91,Reject
828,SJaP_-xAb,7,442,4,8,465,3,6,707,3,69,Accept (Poster)
829,Hk8XMWgRb,7,185,3,6,278,5,4,625,5,76,Accept (Poster)
830,HkMCybx0-,4,261,4,5,353,4,3,331,4,48,Reject
831,r1h2DllAW,6,101,1,5,386,4,5,195,4,50,Reject
832,B1n8LexRZ,7,262,4,6,101,3,8,466,2,94,Accept (Poster)
833,HyTrSegCb,2,152,5,5,382,4,6,161,5,257,Reject
834,SkffVjUaW,4,377,5,8,431,4,5,209,4,40,Reject
835,HkeJVllRW,6,106,5,5,637,4,5,543,4,62,Reject
836,r1cLblgCZ,2,78,4,2,408,5,4,237,4,98,Reject
837,S1GUgxgCW,4,111,3,5,244,4,6,97,4,43,Reject
838,ByW5yxgA-,5,274,3,6,110,4,6,55,4,44,Reject
839,ByrZyglCb,6,247,4,5,172,3,7,400,3,15,Accept (Poster)
840,r1gs9JgRZ,8,790,4,5,160,3,7,140,4,61,Accept (Poster)
841,ry8lF1xAZ,4,763,5,4,1368,4,4,1368,4,19,Reject
842,BJij4yg0Z,3,814,4,7,1142,4,7,360,3,285,Accept (Poster)
843,SJmAXkgCb,7,289,3,5,117,4,4,262,4,42,Reject
844,HJ_aoCyRZ,6,205,3,4,620,4,7,392,5,120,Accept (Poster)
845,ryZ3KCy0W,3,240,4,3,162,5,4,108,3,18,Reject
846,r1DPFCyA-,5,397,3,5,525,3,5,205,3,190,Reject
847,HyB9Np6WG,6,402,4,4,338,4,5,738,4,,
848,SJd0EAy0b,6,308,4,4,335,4,3,634,4,18,Reject
849,SkFvV0yC-,7,176,4,5,166,2,5,140,3,104,Reject
850,HkMhoDITb,4,264,3,6,257,4,4,647,3,58,Reject
851,BJ_wN01C-,8,177,4,5,260,5,6,344,4,63,Accept (Poster)
852,rkQsMCJCb,4,507,5,4,225,4,4,126,5,45,Reject
853,BJvVbCJCb,5,257,4,5,292,3,5,389,4,59,Reject
854,rJ3fy0k0Z,6,227,4,5,347,4,5,299,3,62,Reject
855,r16u6i_Xz,5,108,4,5,180,5,4,495,4,,
856,H1DGha1CZ,3,78,5,4,225,4,5,140,5,88,Reject
857,SyGT_6yCZ,3,260,4,3,195,4,2,153,4,116,Reject
858,BkpXqwUTZ,3,370,4,2,79,5,2,48,5,9,Reject
859,rkO3uTkAZ,6,580,4,6,326,4,7,659,4,229,Accept (Poster)
860,Hy6GHpkCW,8,365,4,8,210,4,5,365,4,98,Accept (Poster)
861,HJcjQTJ0W,6,159,5,5,198,3,3,454,3,23,Reject
862,ryY4RhkCZ,4,653,5,3,468,4,4,240,3,101,Reject
863,H1Xw62kRZ,5,390,3,6,214,3,7,266,3,344,Accept (Poster)
864,S1m6h21Cb,5,552,3,4,379,5,7,191,2,110,Reject
865,Syl3_2JCZ,3,412,2,4,830,4,4,414,4,32,Reject
866,Hy7EPh10W,4,623,4,5,429,4,6,263,4,89,Reject
867,SkZ-BnyCW,4,506,4,5,100,4,4,54,4,51,Reject
868,r15kjpHa-,5,612,3,2,272,4,5,365,2,82,Reject
869,rkQkBnJAb,8,197,4,6,157,2,6,251,3,89,Accept (Poster)
870,HJzgZ3JCW,7,177,3,7,243,4,8,394,4,117,Accept (Poster)
871,r1PaPUsXM,3,128,3,7,399,2,4,331,4,,
872,HkuGJ3kCb,6,468,5,7,614,4,7,646,4,33,Accept (Poster)
873,SJu63o10b,6,417,4,4,957,5,4,162,4,29,Reject
874,rkvDssyRb,4,248,4,4,728,4,4,772,5,31,Reject
875,SJ2ZjsyC-,2,880,4,3,639,4,4,448,3,56,Reject
876,Sk03Yi10Z,5,488,3,5,255,3,6,210,3,132,Reject
877,r1SuFjkRW,7,230,5,5,199,1,4,337,5,82,Reject
878,SyhcXjy0Z,1,87,5,2,259,4,3,103,5,23,Reject
879,ByZmGjkA-,4,617,5,5,539,3,7,472,4,326,Reject
880,B1tExikAW,5,205,3,3,250,4,4,274,4,115,Reject
881,Sy21R9JAW,7,135,3,6,332,5,7,191,4,105,Accept (Poster)
882,BykJlIAbM,6,303,3,3,363,4,5,190,2,,
883,r1kjEuHpZ,5,579,4,4,303,4,3,704,5,57,Reject
884,BJGWO9k0Z,7,493,3,7,723,3,6,230,1,47,Accept (Poster)
885,SJyEH91A-,7,216,3,7,269,3,7,356,4,87,Accept (Poster)
886,HypkN9yRW,5,414,2,5,465,2,6,426,2,95,Reject
887,Syr8Qc1CW,4,224,4,5,398,4,6,133,5,172,Invite to Workshop Track
888,HktJec1RZ,6,121,3,6,487,4,8,234,5,32,Accept (Poster)
889,Bki1Ct1AW,4,524,4,6,182,3,6,159,3,25,Reject
890,HkbJTYyAb,3,344,5,5,321,4,3,148,4,30,Reject
891,HyyHX4gZM,3,186,5,4,172,3,5,89,3,,
892,S1680_1Rb,6,399,3,4,446,3,8,84,3,117,Reject
893,Bk346Ok0W,7,336,4,4,332,4,3,348,4,65,Reject
894,r1tJKuyRZ,4,324,5,5,439,4,5,267,4,99,Reject
895,rywHCPkAW,5,334,3,7,881,4,6,769,4,88,Accept (Poster)
896,rJqfKPJ0Z,3,27,3,4,281,3,5,135,2,33,Reject
897,rkA1f3NpZ,7,279,3,5,324,3,4,604,4,77,Reject
898,SylJ1D1C-,7,339,4,8,575,4,5,353,4,188,Invite to Workshop Track
899,Bym0cU1CZ,7,589,3,4,227,5,7,144,4,117,Reject
900,SJQO7UJCW,5,508,5,5,343,4,5,195,4,91,Reject
901,rytNfI1AZ,6,70,4,6,187,3,6,116,4,43,Accept (Poster)
902,BkiIkBJ0b,7,397,4,3,1056,5,3,450,4,72,Reject
903,SJZsR7kCZ,6,369,4,4,271,4,5,213,4,184,Reject
904,Skvd-myR-,7,454,5,4,182,4,3,218,5,124,Reject
905,rkhCSO4T-,3,160,4,3,416,5,3,299,4,23,Reject
906,SyBPtQfAZ,3,337,5,3,359,4,3,554,4,88,Reject
907,HkCy2uqQM,2,132,5,4,166,4,3,383,4,,
908,rJ5C67-C-,5,476,3,5,209,3,5,249,4,17,Reject
909,Hymt27b0Z,3,571,4,5,513,4,5,383,4,164,Reject
910,HJ5AUm-CZ,7,254,4,5,368,5,6,65,3,91,Reject
911,SkERSm-0-,5,267,4,3,541,4,2,194,4,67,Reject
912,BJlrSmbAZ,5,447,3,5,331,4,6,471,4,258,Reject
913,HJXyS7bRb,6,849,3,4,576,3,3,244,4,40,Reject
914,SkwAEQbAb,1,276,4,2,142,5,3,423,4,57,Reject
915,B1mvVm-C-,6,993,3,7,699,4,6,412,3,10,Accept (Poster)
916,SkPoRg10b,3,2556,3,6,348,5,7,380,4,86,Reject
917,SJ71VXZAZ,4,303,3,2,128,5,4,436,5,171,Reject
918,H1DkN7ZCZ,8,150,4,4,693,3,5,173,4,245,Invite to Workshop Track
919,ryk77mbRZ,2,363,5,5,478,4,3,173,3,128,Reject
920,HJSA_e1AW,5,600,4,5,242,5,4,175,4,161,Reject
921,BJInMmWC-,4,500,4,5,989,4,5,914,5,100,Reject
922,Bk-ofQZRb,2,310,4,3,809,4,4,292,4,11,Reject
923,rkrqgCWMG,5,205,3,4,256,5,3,163,5,,
924,SJyVzQ-C-,5,344,4,5,224,3,6,292,3,133,Accept (Poster)
925,HJNGGmZ0Z,4,571,5,4,261,4,4,93,5,24,Reject
926,B1lMMx1CW,6,257,3,6,84,4,7,184,3,75,Invite to Workshop Track
927,HJFcmshbM,3,161,5,4,97,4,4,396,4,,
928,H1kMMmb0-,4,1293,4,3,164,4,2,360,4,260,Reject
929,rJIgf7bAZ,3,341,4,3,380,5,4,167,4,25,Reject
930,r1ayG7WRZ,2,645,4,4,502,5,3,117,5,27,Reject
931,H1Nyf7W0Z,4,285,5,4,483,1,4,318,3,163,Reject
932,ByED-X-0W,4,630,4,6,354,4,4,600,4,38,Reject
933,rJk51gJRb,5,123,2,5,381,4,5,401,4,187,Invite to Workshop Track
934,HkCvZXbC-,5,532,5,4,940,4,4,185,5,149,Reject
935,ByuI-mW0W,5,531,3,6,307,3,4,198,4,151,Reject
936,H1BHbmWCZ,3,102,4,2,356,3,2,35,4,14,Reject
937,SkqV-XZRZ,4,538,4,7,214,3,6,503,4,291,Reject
938,HJCXZQbAZ,4,258,3,6,295,4,8,318,5,96,Accept (Poster)
939,SkrHeXbCW,4,443,5,4,630,5,4,385,4,39,Reject
940,S1ANxQW0b,7,484,5,6,170,1,5,288,4,50,Accept (Poster)
941,SJa1Nk10b,7,203,2,5,448,3,5,254,4,109,Reject
942,B1EGg7ZCb,3,263,5,3,520,3,4,524,4,76,Reject
943,SyBBgXWAZ,4,286,3,6,384,3,6,584,4,99,Reject
944,HJdXGy1RW,4,718,5,5,100,4,4,338,5,72,Reject
945,SkiCjzNTZ,3,1153,4,3,881,3,3,154,3,30,Reject
946,rJ6iJmWCW,5,541,4,3,200,4,4,246,4,40,Reject
947,Syt0r4bRZ,2,332,4,5,286,4,4,76,4,40,Reject
948,Hyp-JJJRW,3,306,5,3,218,5,4,187,3,88,Reject
949,HkPCrEZ0Z,5,430,4,5,226,4,4,614,3,22,Reject
950,rkZB1XbRZ,6,183,1,6,244,4,7,408,3,204,Accept (Poster)
951,HJ8W1Q-0Z,3,182,5,5,451,4,4,152,4,69,Reject
952,Sk4w0A0Tb,4,323,4,6,222,3,5,310,4,58,Invite to Workshop Track
953,HknbyQbC-,4,560,4,6,154,4,7,172,3,167,Reject
954,Sy3fJXbA-,5,362,5,5,154,4,5,213,4,61,Reject
955,BkrsAzWAb,6,341,4,7,256,3,7,248,4,46,Accept (Poster)
956,SkYXvCR6W,4,195,5,3,243,5,2,50,5,92,Reject
957,r1kj4ACp-,2,453,3,3,277,3,6,65,2,25,Reject
958,S1q_Cz-Cb,4,334,5,5,773,4,4,423,3,56,Reject
959,SyZI0GWCZ,7,428,4,7,504,4,8,155,3,89,Accept (Poster)
960,Byht0GbRZ,6,180,4,5,185,4,5,254,4,81,Reject
961,B1KFAGWAZ,5,714,5,5,248,4,4,414,3,112,Reject
962,BJ7d0fW0b,6,1209,3,5,556,5,6,468,4,37,Reject
963,rk1FQA0pW,4,447,4,5,910,4,6,140,3,118,Reject
964,ryazCMbR-,2,877,4,6,453,4,9,284,5,110,Accept (Poster)
965,rJSr0GZR-,6,180,3,5,300,3,6,184,4,457,Reject
966,rkeZRGbRW,5,374,4,4,227,4,6,406,3,60,Reject
967,H11lAfbCW,3,598,5,4,690,5,4,569,5,57,Reject
968,HkmaTz-0W,5,304,4,4,151,3,5,330,3,101,Invite to Workshop Track
969,SJD8YjCpW,4,184,4,4,103,4,4,38,4,24,Reject
970,HyiRazbRb,2,490,4,3,334,3,2,837,4,43,Reject
971,SyZipzbCb,9,515,4,6,334,5,5,314,4,42,Accept (Poster)
972,H1-oTz-Cb,2,241,4,4,471,4,4,362,5,18,Reject
973,Hyig0zb0Z,3,680,5,6,120,5,4,658,4,92,Reject
974,HyI5ro0pW,5,386,4,6,728,4,4,226,3,52,Reject
975,BkUp6GZRW,7,182,4,6,396,3,5,691,4,107,Accept (Poster)
976,BkLhaGZRW,6,585,3,7,344,4,4,467,3,73,Accept (Poster)
977,H1U_af-0-,4,114,3,7,411,5,6,326,4,85,Reject
978,SkNQeiRpb,4,567,5,3,133,4,6,109,4,53,Reject
979,B1CEaMbR-,2,127,5,3,220,5,3,194,4,51,Reject
980,S1NHaMW0b,5,206,2,4,330,4,4,775,3,56,Reject
981,BJgVaG-Ab,5,550,4,3,361,4,4,376,3,98,Reject
982,HJg1NTGZRZ,4,77,5,3,180,4,4,486,4,55,Reject
983,S1lN69AT-,5,271,4,5,558,4,5,573,5,114,Invite to Workshop Track
984,BkabRiQpb,7,525,3,5,585,4,6,491,4,105,Accept (Poster)